{"cameraMode":{"drawMode":0,"name":"Shaded","section":"Shading Mode"},"sceneLighting":false,"audioPlay":false,"sceneViewState":{"m_AlwaysRefresh":false,"showFog":true,"showSkybox":false,"showFlares":true,"showImageEffects":true,"showParticleSystems":true,"showVisualEffectGraphs":true,"m_FxEnabled":true},"in2DMode":false,"pivot":{"x":-0.5743128061294556,"y":-0.28962910175323489,"z":-0.3134624660015106},"rotation":{"x":0.29331153631210329,"y":0.6970208287239075,"z":-0.38800257444381716,"w":0.5270152688026428},"size":4.074778079986572,"orthographic":false}